experiment,task,model,seed,batch_idx,trial_idx,E_max,E_mean,E_auc,D_max,D_mean,D_auc,M_max,M_mean,M_auc,divergence_time
redundant_lowrank,RedundantInputControlTask,TwoRegionLowRankCommRNN,15,0,0,1.001670241355896,0.39539146423339844,18.477954864501953,0.06276249885559082,0.033508848398923874,1.5843195915222168,0.01525542140007019,0.00801233109086752,0.37697747349739075,19
redundant_lowrank,RedundantInputControlTask,TwoRegionLowRankCommRNN,15,0,1,0.9715670347213745,0.38872167468070984,18.1728572845459,0.0604439377784729,0.032682061195373535,1.5455939769744873,0.015336841344833374,0.008043943904340267,0.3784409165382385,19
redundant_lowrank,RedundantInputControlTask,TwoRegionLowRankCommRNN,15,0,2,1.0818512439727783,0.44200873374938965,20.675832748413086,0.07231795787811279,0.036253198981285095,1.7193691730499268,0.03395658731460571,0.008628854528069496,0.39720672369003296,19
redundant_lowrank,RedundantInputControlTask,TwoRegionLowRankCommRNN,15,0,3,0.42828235030174255,0.16903454065322876,7.8995161056518555,0.025296300649642944,0.014187298715114594,0.6703464388847351,0.010239392518997192,0.004678613506257534,0.21983137726783752,24
redundant_lowrank,RedundantInputControlTask,TwoRegionLowRankCommRNN,15,0,4,0.44647297263145447,0.1708952784538269,7.979759693145752,0.028984934091567993,0.014589827507734299,0.6913107633590698,0.009614378213882446,0.004083088133484125,0.1936071813106537,25
redundant_lowrank,RedundantInputControlTask,TwoRegionLowRankCommRNN,15,0,5,0.550917387008667,0.20933771133422852,9.772750854492188,0.03556191921234131,0.017885517328977585,0.8470041751861572,0.011030316352844238,0.004566214978694916,0.21725459396839142,23
redundant_lowrank,RedundantInputControlTask,TwoRegionLowRankCommRNN,15,0,6,0.5552370548248291,0.21895259618759155,10.23210620880127,0.03328484296798706,0.018413621932268143,0.8702223300933838,0.012879058718681335,0.005901428405195475,0.27720576524734497,22
redundant_lowrank,RedundantInputControlTask,TwoRegionLowRankCommRNN,15,0,7,0.5944986343383789,0.237224742770195,11.089689254760742,0.038138747215270996,0.019688570871949196,0.9331880807876587,0.011862054467201233,0.004861137364059687,0.23197893798351288,22
redundant_lowrank,RedundantInputControlTask,TwoRegionLowRankCommRNN,15,0,8,0.7181427478790283,0.2670265734195709,12.45820426940918,0.044446349143981934,0.023245759308338165,1.097480297088623,0.015795350074768066,0.006960602011531591,0.3263440728187561,22
redundant_lowrank,RedundantInputControlTask,TwoRegionLowRankCommRNN,15,0,9,0.6309641599655151,0.24053281545639038,11.23009204864502,0.04091578722000122,0.020467465743422508,0.9693713188171387,0.01219889521598816,0.004794106353074312,0.22899383306503296,23
redundant_lowrank,RedundantInputControlTask,TwoRegionLowRankCommRNN,15,0,10,0.9897656440734863,0.3867323398590088,18.068269729614258,0.06206679344177246,0.032936934381723404,1.5570327043533325,0.015569448471069336,0.008015557192265987,0.37696200609207153,19
redundant_lowrank,RedundantInputControlTask,TwoRegionLowRankCommRNN,15,0,11,0.5955648422241211,0.21649307012557983,10.09388542175293,0.03916609287261963,0.018940288573503494,0.8966319561004639,0.011754468083381653,0.004566549323499203,0.21747392416000366,24
redundant_lowrank,RedundantInputControlTask,TwoRegionLowRankCommRNN,15,0,12,0.8028364181518555,0.3004021644592285,14.0178861618042,0.052606046199798584,0.025799497961997986,1.221452236175537,0.01397639513015747,0.004911832977086306,0.23357802629470825,22
redundant_lowrank,RedundantInputControlTask,TwoRegionLowRankCommRNN,15,0,13,0.8583454489707947,0.3435136377811432,16.05948257446289,0.052715837955474854,0.028812343254685402,1.3624241352081299,0.015926480293273926,0.007903373800218105,0.37151041626930237,20
redundant_lowrank,RedundantInputControlTask,TwoRegionLowRankCommRNN,15,0,14,1.0141938924789429,0.41271257400512695,19.303104400634766,0.06317603588104248,0.03441615775227547,1.6282033920288086,0.014603853225708008,0.007955669425427914,0.3746453523635864,19
redundant_lowrank,RedundantInputControlTask,TwoRegionLowRankCommRNN,15,0,15,1.2038538455963135,0.5029357075691223,23.539525985717773,0.07671117782592773,0.04152800515294075,1.9660496711730957,0.014484018087387085,0.006154035683721304,0.2919495403766632,18
redundant_lowrank,RedundantInputControlTask,TwoRegionLowRankCommRNN,15,0,16,0.4096897840499878,0.16797666251659393,7.858034133911133,0.02371099591255188,0.013830620795488358,0.6537072658538818,0.009654223918914795,0.004593340214341879,0.2160765677690506,23
redundant_lowrank,RedundantInputControlTask,TwoRegionLowRankCommRNN,15,0,17,0.520485520362854,0.1869744509458542,8.714530944824219,0.03382924199104309,0.016466515138745308,0.7789722681045532,0.010404601693153381,0.0042638699524104595,0.20235614478588104,25
redundant_lowrank,RedundantInputControlTask,TwoRegionLowRankCommRNN,15,0,18,0.21144640445709229,0.08680665493011475,4.0620927810668945,0.013817280530929565,0.007194602862000465,0.3415888249874115,0.005136385560035706,0.0023377800825983286,0.11056824028491974,30
redundant_lowrank,RedundantInputControlTask,TwoRegionLowRankCommRNN,15,0,19,0.4356054663658142,0.1624281257390976,7.578747272491455,0.026246070861816406,0.014072511345148087,0.6640101671218872,0.010492876172065735,0.004558097571134567,0.21374979615211487,25
redundant_lowrank,RedundantInputControlTask,TwoRegionLowRankCommRNN,15,0,20,1.2146601676940918,0.4964301884174347,23.221378326416016,0.07816779613494873,0.041475940495729446,1.9630095958709717,0.014360785484313965,0.006147576961666346,0.29170775413513184,18
redundant_lowrank,RedundantInputControlTask,TwoRegionLowRankCommRNN,15,0,21,0.9851052761077881,0.39240822196006775,18.34304428100586,0.06151318550109863,0.0330699123442173,1.5639102458953857,0.015279054641723633,0.008021836169064045,0.3774130642414093,19
redundant_lowrank,RedundantInputControlTask,TwoRegionLowRankCommRNN,15,0,22,0.5033458471298218,0.1927587389945984,9.000747680664062,0.030323654413223267,0.016449470072984695,0.7769890427589417,0.011991187930107117,0.005322195123881102,0.24979357421398163,24
redundant_lowrank,RedundantInputControlTask,TwoRegionLowRankCommRNN,15,0,23,0.8759255409240723,0.3494400680065155,16.335163116455078,0.05711042881011963,0.02896760404109955,1.3730186223983765,0.015073686838150024,0.005544804502278566,0.26116305589675903,20
redundant_lowrank,RedundantInputControlTask,TwoRegionLowRankCommRNN,15,0,24,0.5663294792175293,0.20635886490345,9.622061729431152,0.03702884912490845,0.01802954263985157,0.8533798456192017,0.011256709694862366,0.004490999970585108,0.2136012762784958,24
redundant_lowrank,RedundantInputControlTask,TwoRegionLowRankCommRNN,15,0,25,0.503661036491394,0.18410736322402954,8.585323333740234,0.032645612955093384,0.01607200689613819,0.7605607509613037,0.01019519567489624,0.004237933550029993,0.20109021663665771,25
redundant_lowrank,RedundantInputControlTask,TwoRegionLowRankCommRNN,15,0,26,0.18654824793338776,0.0654241293668747,3.047084093093872,0.012791961431503296,0.006015504244714975,0.28496772050857544,0.004572905600070953,0.0018653335282579064,0.08778855204582214,34
redundant_lowrank,RedundantInputControlTask,TwoRegionLowRankCommRNN,15,0,27,0.42819640040397644,0.1595645248889923,7.444998741149902,0.02586275339126587,0.013846372254192829,0.6530232429504395,0.010240554809570312,0.004464769270271063,0.20934534072875977,24
redundant_lowrank,RedundantInputControlTask,TwoRegionLowRankCommRNN,15,0,28,0.9662001132965088,0.3874218761920929,18.11315155029297,0.06005990505218506,0.032525356858968735,1.5382847785949707,0.015347868204116821,0.008042620494961739,0.37837186455726624,19
redundant_lowrank,RedundantInputControlTask,TwoRegionLowRankCommRNN,15,0,29,0.8668801188468933,0.3458479642868042,16.16726303100586,0.056566596031188965,0.02866867184638977,1.3588439226150513,0.01502901315689087,0.005481552332639694,0.25846391916275024,20
redundant_lowrank,RedundantInputControlTask,TwoRegionLowRankCommRNN,15,0,30,1.1663216352462769,0.4692215919494629,21.93947410583496,0.07493817806243896,0.03947119787335396,1.867627739906311,0.01434895396232605,0.006891882047057152,0.3258443772792816,18
redundant_lowrank,RedundantInputControlTask,TwoRegionLowRankCommRNN,15,0,31,0.3706722557544708,0.12884967029094696,5.999448299407959,0.02443009614944458,0.011644277721643448,0.5507203936576843,0.00804804265499115,0.0033193083945661783,0.15669012069702148,28
redundant_lowrank,RedundantInputControlTask,TwoRegionLowRankCommRNN,15,1,0,0.6839157938957214,0.2784474790096283,13.02352237701416,0.04112553596496582,0.023074612021446228,1.0912400484085083,0.014697074890136719,0.0070562660694122314,0.33173874020576477,20
redundant_lowrank,RedundantInputControlTask,TwoRegionLowRankCommRNN,15,1,1,1.2328107357025146,0.5091835856437683,23.824892044067383,0.07949721813201904,0.04230191186070442,2.002607583999634,0.014503926038742065,0.005702713038772345,0.27112022042274475,18
redundant_lowrank,RedundantInputControlTask,TwoRegionLowRankCommRNN,15,1,2,0.8263161182403564,0.3321978449821472,15.532522201538086,0.05381196737289429,0.02740333043038845,1.2991681098937988,0.014829635620117188,0.005269881337881088,0.24966062605381012,21
redundant_lowrank,RedundantInputControlTask,TwoRegionLowRankCommRNN,15,1,3,1.0291721820831299,0.41431161761283875,19.37236976623535,0.0684058666229248,0.03424825146794319,1.6236896514892578,0.025933563709259033,0.007432722020894289,0.34380388259887695,19
redundant_lowrank,RedundantInputControlTask,TwoRegionLowRankCommRNN,15,1,4,0.468717098236084,0.1738942414522171,8.112565040588379,0.02842426300048828,0.015115111134946346,0.7131801843643188,0.011260420083999634,0.004863319452852011,0.2280062735080719,24
redundant_lowrank,RedundantInputControlTask,TwoRegionLowRankCommRNN,15,1,5,0.33857882022857666,0.14153774082660675,6.624522686004639,0.019177913665771484,0.011550159193575382,0.5457350611686707,0.007867760956287384,0.0038591211196035147,0.1816602498292923,24
redundant_lowrank,RedundantInputControlTask,TwoRegionLowRankCommRNN,15,1,6,0.9355552196502686,0.377706915140152,17.662155151367188,0.057612478733062744,0.031596001237630844,1.4942333698272705,0.015460461378097534,0.008070004172623158,0.37963467836380005,19
redundant_lowrank,RedundantInputControlTask,TwoRegionLowRankCommRNN,15,1,7,1.073836088180542,0.4376877546310425,20.4725284576416,0.071860671043396,0.03591228276491165,1.7032692432403564,0.03255420923233032,0.008401491679251194,0.38699451088905334,19
redundant_lowrank,RedundantInputControlTask,TwoRegionLowRankCommRNN,15,1,8,0.49361729621887207,0.18513202667236328,8.639530181884766,0.03230100870132446,0.015916476026177406,0.7539214491844177,0.010371670126914978,0.004268268588930368,0.2025819569826126,25
redundant_lowrank,RedundantInputControlTask,TwoRegionLowRankCommRNN,15,1,9,0.22028152644634247,0.0818561390042305,3.8189539909362793,0.014606490731239319,0.007209876552224159,0.34151357412338257,0.005171388387680054,0.0022395646665245295,0.1056150421500206,32
redundant_lowrank,RedundantInputControlTask,TwoRegionLowRankCommRNN,15,1,10,0.48271530866622925,0.17339350283145905,8.08152961730957,0.029505163431167603,0.015321433544158936,0.722714900970459,0.011765599250793457,0.004907923750579357,0.22987112402915955,25
redundant_lowrank,RedundantInputControlTask,TwoRegionLowRankCommRNN,15,1,11,1.023432731628418,0.40707066655158997,19.027740478515625,0.06864595413208008,0.033805012702941895,1.6028013229370117,0.024824321269989014,0.007171273697167635,0.33180898427963257,20
redundant_lowrank,RedundantInputControlTask,TwoRegionLowRankCommRNN,15,1,12,0.6319514513015747,0.24165308475494385,11.283370971679688,0.04089444875717163,0.0205258596688509,0.9722501039505005,0.01225385069847107,0.004804868716746569,0.22952812910079956,23
redundant_lowrank,RedundantInputControlTask,TwoRegionLowRankCommRNN,15,1,13,0.4319989085197449,0.16599233448505402,7.751632213592529,0.025638848543167114,0.01414419710636139,0.6677939891815186,0.010323047637939453,0.004620687570422888,0.21690568327903748,24
redundant_lowrank,RedundantInputControlTask,TwoRegionLowRankCommRNN,15,1,14,0.15832433104515076,0.055374812334775925,2.578984260559082,0.0111723393201828,0.005104941315948963,0.24203529953956604,0.004031345248222351,0.0016138606006279588,0.07592077553272247,37
redundant_lowrank,RedundantInputControlTask,TwoRegionLowRankCommRNN,15,1,15,0.5594430565834045,0.21090155839920044,9.843551635742188,0.03578460216522217,0.018103746697306633,0.857001781463623,0.010988384485244751,0.004583585541695356,0.21811608970165253,23
redundant_lowrank,RedundantInputControlTask,TwoRegionLowRankCommRNN,15,1,16,0.7405014038085938,0.28708717226982117,13.409934043884277,0.045100510120391846,0.024446280673146248,1.1549853086471558,0.015653163194656372,0.0072544049471616745,0.340570330619812,21
redundant_lowrank,RedundantInputControlTask,TwoRegionLowRankCommRNN,15,1,17,1.0553916692733765,0.41985800862312317,19.62548828125,0.0666346549987793,0.03544437140226364,1.676452875137329,0.014545351266860962,0.007806994020938873,0.3676908016204834,19
redundant_lowrank,RedundantInputControlTask,TwoRegionLowRankCommRNN,15,1,18,1.0728590488433838,0.43526455760002136,20.35649299621582,0.07189559936523438,0.035828687250614166,1.6990840435028076,0.03237646818161011,0.00834641233086586,0.3844395577907562,19
redundant_lowrank,RedundantInputControlTask,TwoRegionLowRankCommRNN,15,1,19,1.1911075115203857,0.4717101752758026,22.046537399291992,0.07673513889312744,0.04003053903579712,1.8936350345611572,0.014378190040588379,0.0066890777088701725,0.3165663480758667,19
redundant_lowrank,RedundantInputControlTask,TwoRegionLowRankCommRNN,15,1,20,0.7635990381240845,0.30316755175590515,14.170243263244629,0.04639190435409546,0.025500794872641563,1.2054158449172974,0.01564928889274597,0.00747087923809886,0.3509957194328308,20
redundant_lowrank,RedundantInputControlTask,TwoRegionLowRankCommRNN,15,1,21,0.7403935194015503,0.30476900935173035,14.258719444274902,0.04441690444946289,0.02516239322721958,1.1900036334991455,0.015099704265594482,0.007454998325556517,0.3505995273590088,19
redundant_lowrank,RedundantInputControlTask,TwoRegionLowRankCommRNN,15,1,22,0.6126155853271484,0.22886507213115692,10.679216384887695,0.03992098569869995,0.019685950130224228,0.9321116209030151,0.011910781264305115,0.0046846563927829266,0.2234482616186142,23
redundant_lowrank,RedundantInputControlTask,TwoRegionLowRankCommRNN,15,1,23,0.2498610019683838,0.1048920750617981,4.912332534790039,0.016432300209999084,0.008493389002978802,0.403586745262146,0.006157636642456055,0.002769605489447713,0.13116437196731567,28
redundant_lowrank,RedundantInputControlTask,TwoRegionLowRankCommRNN,15,1,24,1.100134015083313,0.4412778317928314,20.63135528564453,0.0744251012802124,0.03656352683901787,1.7337841987609863,0.03659069538116455,0.00885518454015255,0.4067535102367401,19
redundant_lowrank,RedundantInputControlTask,TwoRegionLowRankCommRNN,15,1,25,0.6802152991294861,0.2690351903438568,12.57358169555664,0.04113459587097168,0.02262895740568638,1.0696557760238647,0.014865756034851074,0.006927703972905874,0.3254150450229645,21
redundant_lowrank,RedundantInputControlTask,TwoRegionLowRankCommRNN,15,1,26,0.9861477017402649,0.39462539553642273,18.44894027709961,0.06154787540435791,0.03317217901349068,1.5689283609390259,0.015191435813903809,0.008014071732759476,0.3770885467529297,19
redundant_lowrank,RedundantInputControlTask,TwoRegionLowRankCommRNN,15,1,27,1.1755845546722412,0.46682918071746826,21.820011138916016,0.0754467248916626,0.039561182260513306,1.8713566064834595,0.014307558536529541,0.006896259728819132,0.32612550258636475,19
redundant_lowrank,RedundantInputControlTask,TwoRegionLowRankCommRNN,15,1,28,0.5480955839157104,0.20128977298736572,9.387860298156738,0.035931557416915894,0.01750018075108528,0.8285149931907654,0.011053517460823059,0.004434801172465086,0.21081416308879852,25
redundant_lowrank,RedundantInputControlTask,TwoRegionLowRankCommRNN,15,1,29,1.2175952196121216,0.5105135440826416,23.89669418334961,0.07791018486022949,0.04205837845802307,1.9914875030517578,0.0145643949508667,0.005828624591231346,0.276824414730072,18
redundant_lowrank,RedundantInputControlTask,TwoRegionLowRankCommRNN,15,1,30,0.8340214490890503,0.3181881606578827,14.8560209274292,0.05170845985412598,0.027367742732167244,1.292918086051941,0.016479462385177612,0.0076864068396389484,0.360781192779541,20
redundant_lowrank,RedundantInputControlTask,TwoRegionLowRankCommRNN,15,1,31,0.49405360221862793,0.19671547412872314,9.195533752441406,0.031718432903289795,0.016385149210691452,0.776623010635376,0.010342583060264587,0.004457095637917519,0.2118513137102127,23
redundant_lowrank,RedundantInputControlTask,TwoRegionLowRankCommRNN,15,2,0,1.1976710557937622,0.48423442244529724,22.644418716430664,0.07681918144226074,0.04067409411072731,1.9246104955673218,0.014379143714904785,0.006504472345113754,0.3081617057323456,18
redundant_lowrank,RedundantInputControlTask,TwoRegionLowRankCommRNN,15,2,1,0.6228499412536621,0.24273522198200226,11.339865684509277,0.03749585151672363,0.020565932616591454,0.971691906452179,0.014086365699768066,0.006432962138205767,0.3020382225513458,22
redundant_lowrank,RedundantInputControlTask,TwoRegionLowRankCommRNN,15,2,2,1.0489611625671387,0.4066084325313568,18.99272346496582,0.06650435924530029,0.0348072275519371,1.645470142364502,0.015085041522979736,0.007872619666159153,0.3705098032951355,19
redundant_lowrank,RedundantInputControlTask,TwoRegionLowRankCommRNN,15,2,3,1.1064977645874023,0.46030521392822266,21.541593551635742,0.0695037841796875,0.03802252560853958,1.799654483795166,0.014243632555007935,0.007386201526969671,0.3487074673175812,18
redundant_lowrank,RedundantInputControlTask,TwoRegionLowRankCommRNN,15,2,4,0.2396332323551178,0.0756697803735733,3.5123324394226074,0.016732439398765564,0.00729670375585556,0.34493154287338257,0.005701616406440735,0.0021471104118973017,0.1008104756474495,33
redundant_lowrank,RedundantInputControlTask,TwoRegionLowRankCommRNN,15,2,5,0.6691844463348389,0.2458575814962387,11.466570854187012,0.041370689868927,0.021500056609511375,1.01506507396698,0.015278816223144531,0.006580340210348368,0.3083968758583069,23
redundant_lowrank,RedundantInputControlTask,TwoRegionLowRankCommRNN,15,2,6,1.005631923675537,0.3935823142528534,18.38913345336914,0.06306570768356323,0.033512040972709656,1.5842006206512451,0.015358448028564453,0.008006163872778416,0.3766302764415741,19
redundant_lowrank,RedundantInputControlTask,TwoRegionLowRankCommRNN,15,2,7,1.0533076524734497,0.42509475350379944,19.877891540527344,0.07020628452301025,0.035097863525152206,1.664092779159546,0.02934795618057251,0.00789820495992899,0.36443984508514404,19
redundant_lowrank,RedundantInputControlTask,TwoRegionLowRankCommRNN,15,2,8,0.6940081119537354,0.2536982595920563,11.830513000488281,0.043065547943115234,0.02228689007461071,1.0517700910568237,0.015612185001373291,0.0067294444888830185,0.31532251834869385,22
redundant_lowrank,RedundantInputControlTask,TwoRegionLowRankCommRNN,15,2,9,1.0026577711105347,0.3899383842945099,18.215715408325195,0.06299519538879395,0.03329765424132347,1.573992133140564,0.015506386756896973,0.00799556914716959,0.37604352831840515,19
redundant_lowrank,RedundantInputControlTask,TwoRegionLowRankCommRNN,15,2,10,1.2052017450332642,0.4854585826396942,22.69940948486328,0.07769954204559326,0.040850646793842316,1.9329962730407715,0.014412015676498413,0.0063882372342050076,0.3027631640434265,18
redundant_lowrank,RedundantInputControlTask,TwoRegionLowRankCommRNN,15,2,11,0.5581485033035278,0.20839498937129974,9.723884582519531,0.0338936448097229,0.018046004697680473,0.8519493341445923,0.01317848265171051,0.0057298666797578335,0.26867932081222534,23
redundant_lowrank,RedundantInputControlTask,TwoRegionLowRankCommRNN,15,2,12,0.9814569354057312,0.3874957859516144,18.109071731567383,0.06142514944076538,0.032806333154439926,1.5512150526046753,0.015475451946258545,0.008020894601941109,0.37726518511772156,19
redundant_lowrank,RedundantInputControlTask,TwoRegionLowRankCommRNN,15,2,13,0.7319701910018921,0.2808322608470917,13.113964080810547,0.04474514722824097,0.024048181250691414,1.135931372642517,0.015659093856811523,0.007163824047893286,0.33620479702949524,21
redundant_lowrank,RedundantInputControlTask,TwoRegionLowRankCommRNN,15,2,14,0.5218707919120789,0.19917410612106323,9.299423217773438,0.031293511390686035,0.017039218917489052,0.804636538028717,0.012325972318649292,0.005477035418152809,0.2570146322250366,23
redundant_lowrank,RedundantInputControlTask,TwoRegionLowRankCommRNN,15,2,15,1.064528465270996,0.43395480513572693,20.2977294921875,0.07098472118377686,0.03564973920583725,1.6905467510223389,0.03125506639480591,0.008225672878324986,0.37920477986335754,19
redundant_lowrank,RedundantInputControlTask,TwoRegionLowRankCommRNN,15,2,16,0.4232281446456909,0.14338432252407074,6.670833110809326,0.026640504598617554,0.01311547588557005,0.6175286769866943,0.010557428002357483,0.004135101567953825,0.19326390326023102,27
redundant_lowrank,RedundantInputControlTask,TwoRegionLowRankCommRNN,15,2,17,1.0399112701416016,0.4209756851196289,19.68693733215332,0.06905651092529297,0.03468089923262596,1.6444319486618042,0.027467548847198486,0.007661018054932356,0.35399505496025085,19
redundant_lowrank,RedundantInputControlTask,TwoRegionLowRankCommRNN,15,2,18,0.3353238105773926,0.13303668797016144,6.21854829788208,0.02170678973197937,0.011183377355337143,0.5303089618682861,0.007663443684577942,0.0033945466857403517,0.16069206595420837,26
redundant_lowrank,RedundantInputControlTask,TwoRegionLowRankCommRNN,15,2,19,0.6806861162185669,0.2592869699001312,12.105430603027344,0.04167938232421875,0.02223576419055462,1.0505239963531494,0.015181392431259155,0.006798957008868456,0.3190082907676697,22
redundant_lowrank,RedundantInputControlTask,TwoRegionLowRankCommRNN,15,2,20,0.26168638467788696,0.0876288041472435,4.075339317321777,0.01772060990333557,0.008306289091706276,0.39294731616973877,0.006136983633041382,0.0024638716131448746,0.11592401564121246,32
redundant_lowrank,RedundantInputControlTask,TwoRegionLowRankCommRNN,15,2,21,1.1447832584381104,0.47168055176734924,22.068958282470703,0.07731461524963379,0.03854840621352196,1.828697681427002,0.04559659957885742,0.010425802320241928,0.47764018177986145,19
redundant_lowrank,RedundantInputControlTask,TwoRegionLowRankCommRNN,15,2,22,0.7930353879928589,0.3021288216114044,14.105666160583496,0.04905813932418823,0.025969123467803,1.2269372940063477,0.016322076320648193,0.007490867283195257,0.3515341281890869,21
redundant_lowrank,RedundantInputControlTask,TwoRegionLowRankCommRNN,15,2,23,0.6904582977294922,0.2632829248905182,12.292351722717285,0.04226332902908325,0.022580519318580627,1.0667206048965454,0.015275239944458008,0.006868983153253794,0.32230040431022644,22
redundant_lowrank,RedundantInputControlTask,TwoRegionLowRankCommRNN,15,2,24,1.0286846160888672,0.42343366146087646,19.810874938964844,0.06802618503570557,0.03456975147128105,1.639554738998413,0.02626723051071167,0.007612405810505152,0.35226190090179443,19
redundant_lowrank,RedundantInputControlTask,TwoRegionLowRankCommRNN,15,2,25,0.29969125986099243,0.1050075814127922,4.8905181884765625,0.020262926816940308,0.009468340314924717,0.4482709765434265,0.006935149431228638,0.0028108551632612944,0.1325317919254303,30
redundant_lowrank,RedundantInputControlTask,TwoRegionLowRankCommRNN,15,2,26,0.7175530195236206,0.26705029606819153,12.459635734558105,0.046878695487976074,0.02303660474717617,1.090580940246582,0.01308247447013855,0.004768953658640385,0.22876596450805664,22
redundant_lowrank,RedundantInputControlTask,TwoRegionLowRankCommRNN,15,2,27,1.0580198764801025,0.41998353600502014,19.630199432373047,0.07114744186401367,0.03497248888015747,1.6579407453536987,0.029640018939971924,0.007813524454832077,0.36022916436195374,20
redundant_lowrank,RedundantInputControlTask,TwoRegionLowRankCommRNN,15,2,28,1.1246769428253174,0.4555831253528595,21.30594253540039,0.07615363597869873,0.03756274655461311,1.7814502716064453,0.041227519512176514,0.009590850211679935,0.43974706530570984,19
redundant_lowrank,RedundantInputControlTask,TwoRegionLowRankCommRNN,15,2,29,1.181158423423767,0.4962696135044098,23.230863571166992,0.07470321655273438,0.04085342586040497,1.9340784549713135,0.014445960521697998,0.006498397793620825,0.30788078904151917,17
redundant_lowrank,RedundantInputControlTask,TwoRegionLowRankCommRNN,15,2,30,1.114725112915039,0.4504190683364868,21.063064575195312,0.07548105716705322,0.03716830164194107,1.7627403736114502,0.039295196533203125,0.009295749478042126,0.42654839158058167,19
redundant_lowrank,RedundantInputControlTask,TwoRegionLowRankCommRNN,15,2,31,0.6004619598388672,0.22653035819530487,10.573225975036621,0.038892388343811035,0.01939968764781952,0.9185689687728882,0.011679217219352722,0.004696626681834459,0.2239292711019516,23
redundant_lowrank,RedundantInputControlTask,TwoRegionLowRankCommRNN,15,3,0,0.8266240954399109,0.31552374362945557,14.731826782226562,0.0511472225189209,0.027112795040011406,1.280975103378296,0.016460120677947998,0.007655526045709848,0.359327495098114,21
redundant_lowrank,RedundantInputControlTask,TwoRegionLowRankCommRNN,15,3,1,0.8774210214614868,0.34679076075553894,16.207242965698242,0.05776965618133545,0.028893882408738136,1.3694766759872437,0.015189021825790405,0.005488575901836157,0.25845980644226074,20
redundant_lowrank,RedundantInputControlTask,TwoRegionLowRankCommRNN,15,3,2,1.1937098503112793,0.49211549758911133,23.024776458740234,0.07615828514099121,0.04092779383063316,1.9371154308319092,0.014365732669830322,0.006444951985031366,0.3054400384426117,18
redundant_lowrank,RedundantInputControlTask,TwoRegionLowRankCommRNN,15,3,3,0.6478513479232788,0.24318541586399078,11.34897518157959,0.0420839786529541,0.020852545276284218,0.9873335361480713,0.012335911393165588,0.00476768659427762,0.22788462042808533,23
redundant_lowrank,RedundantInputControlTask,TwoRegionLowRankCommRNN,15,3,4,0.9392906427383423,0.37093639373779297,17.335302352905273,0.06197667121887207,0.030924184247851372,1.4656732082366943,0.015549898147583008,0.006025234702974558,0.28157567977905273,20
redundant_lowrank,RedundantInputControlTask,TwoRegionLowRankCommRNN,15,3,5,0.48941609263420105,0.18085722625255585,8.436437606811523,0.03175482153892517,0.015682842582464218,0.742456316947937,0.010112464427947998,0.0042069111950695515,0.1995691955089569,25
redundant_lowrank,RedundantInputControlTask,TwoRegionLowRankCommRNN,15,3,6,0.4980468153953552,0.19270570576190948,9.00085163116455,0.029660701751708984,0.01637060008943081,0.773105800151825,0.011738970875740051,0.005293001886457205,0.2484869360923767,23
redundant_lowrank,RedundantInputControlTask,TwoRegionLowRankCommRNN,15,3,7,0.8504502177238464,0.33240190148353577,15.53006649017334,0.055700600147247314,0.027871713042259216,1.3206264972686768,0.014757931232452393,0.005289977416396141,0.24997980892658234,21
redundant_lowrank,RedundantInputControlTask,TwoRegionLowRankCommRNN,15,3,8,0.9377098083496094,0.36625924706459045,17.111587524414062,0.05839884281158447,0.031160101294517517,1.4729647636413574,0.016011297702789307,0.008012382313609123,0.37658870220184326,19
redundant_lowrank,RedundantInputControlTask,TwoRegionLowRankCommRNN,15,3,9,0.18473106622695923,0.06255215406417847,2.9101383686065674,0.012708589434623718,0.005889810621738434,0.27878421545028687,0.004494868218898773,0.0018021678552031517,0.08471830189228058,35
redundant_lowrank,RedundantInputControlTask,TwoRegionLowRankCommRNN,15,3,10,0.5227428674697876,0.1926269382238388,8.984722137451172,0.03403463959693909,0.01673727296292782,0.7923774719238281,0.010642081499099731,0.0043519544415175915,0.20667988061904907,24
redundant_lowrank,RedundantInputControlTask,TwoRegionLowRankCommRNN,15,3,11,0.7324033975601196,0.28142568469047546,13.142230987548828,0.044890403747558594,0.024077998474240303,1.1374473571777344,0.01566612720489502,0.00717221200466156,0.3366132378578186,21
redundant_lowrank,RedundantInputControlTask,TwoRegionLowRankCommRNN,15,3,12,0.7069323062896729,0.27438876032829285,12.817194938659668,0.042996883392333984,0.02333744801580906,1.102607250213623,0.01528167724609375,0.007042415905743837,0.33061420917510986,21
redundant_lowrank,RedundantInputControlTask,TwoRegionLowRankCommRNN,15,3,13,0.296309232711792,0.11643645167350769,5.441829681396484,0.01975749433040619,0.009886940009891987,0.46919524669647217,0.007080897688865662,0.0030591078102588654,0.14469942450523376,27
redundant_lowrank,RedundantInputControlTask,TwoRegionLowRankCommRNN,15,3,14,0.7779006958007812,0.29177072644233704,13.616044044494629,0.05063873529434204,0.0250314399600029,1.1849825382232666,0.013630688190460205,0.004878863226622343,0.2326524257659912,21
redundant_lowrank,RedundantInputControlTask,TwoRegionLowRankCommRNN,15,3,15,1.1990703344345093,0.4849119186401367,22.676239013671875,0.07707357406616211,0.04070938006043434,1.9264235496520996,0.01444995403289795,0.006436055991798639,0.30492568016052246,18
redundant_lowrank,RedundantInputControlTask,TwoRegionLowRankCommRNN,15,3,16,0.6253831386566162,0.23582153022289276,11.006741523742676,0.04053729772567749,0.020181484520435333,0.9556385278701782,0.012068629264831543,0.004749675747007132,0.22674685716629028,23
redundant_lowrank,RedundantInputControlTask,TwoRegionLowRankCommRNN,15,3,17,0.8055288195610046,0.30994030833244324,14.474371910095215,0.04963231086730957,0.026514461264014244,1.2528235912322998,0.01626718044281006,0.007584592793136835,0.35605132579803467,20
redundant_lowrank,RedundantInputControlTask,TwoRegionLowRankCommRNN,15,3,18,0.9279661178588867,0.3748909533023834,17.53083610534668,0.060862720012664795,0.03088226169347763,1.4641392230987549,0.01549425721168518,0.006060747895389795,0.2836219072341919,20
redundant_lowrank,RedundantInputControlTask,TwoRegionLowRankCommRNN,15,3,19,1.1757190227508545,0.47057750821113586,21.999860763549805,0.07563936710357666,0.03969430550932884,1.8780744075775146,0.014407455921173096,0.006799042224884033,0.32156336307525635,18
redundant_lowrank,RedundantInputControlTask,TwoRegionLowRankCommRNN,15,3,20,0.8318847417831421,0.31134697794914246,14.528712272644043,0.05513113737106323,0.02670261077582836,1.2646043300628662,0.014502525329589844,0.004967362154275179,0.23539146780967712,22
redundant_lowrank,RedundantInputControlTask,TwoRegionLowRankCommRNN,15,3,21,1.022355079650879,0.40883874893188477,19.113082885742188,0.06392383575439453,0.034411076456308365,1.6274747848510742,0.01481887698173523,0.007946210913360119,0.374092161655426,19
redundant_lowrank,RedundantInputControlTask,TwoRegionLowRankCommRNN,15,3,22,1.053269863128662,0.4253041446208954,19.88815689086914,0.07054018974304199,0.03507630154490471,1.6633219718933105,0.029292404651641846,0.007874328643083572,0.36332157254219055,19
redundant_lowrank,RedundantInputControlTask,TwoRegionLowRankCommRNN,15,3,23,0.8267908692359924,0.31630927324295044,14.769449234008789,0.054143309593200684,0.026820095255970955,1.2703574895858765,0.014387935400009155,0.0050784009508788586,0.2407461702823639,21
redundant_lowrank,RedundantInputControlTask,TwoRegionLowRankCommRNN,15,3,24,0.8072800636291504,0.3093107044696808,14.44327163696289,0.0528104305267334,0.026211025193333626,1.2415218353271484,0.014185220003128052,0.0050111557357013226,0.2380882054567337,21
redundant_lowrank,RedundantInputControlTask,TwoRegionLowRankCommRNN,15,3,25,0.7753431797027588,0.3108246624469757,14.531914710998535,0.04705679416656494,0.026015644893050194,1.2300058603286743,0.01564115285873413,0.0075643290765583515,0.35549378395080566,20
redundant_lowrank,RedundantInputControlTask,TwoRegionLowRankCommRNN,15,3,26,1.168922781944275,0.47799718379974365,22.359407424926758,0.0743093490600586,0.039920318871736526,1.8889784812927246,0.01420450210571289,0.006878463551402092,0.32546308636665344,18
redundant_lowrank,RedundantInputControlTask,TwoRegionLowRankCommRNN,15,3,27,0.8748209476470947,0.35135579109191895,16.42791748046875,0.0574796199798584,0.0289937611669302,1.3746922016143799,0.015336036682128906,0.005534554366022348,0.2606829106807709,20
redundant_lowrank,RedundantInputControlTask,TwoRegionLowRankCommRNN,15,3,28,1.1407016515731812,0.45853495597839355,21.439327239990234,0.07248687744140625,0.03859976679086685,1.8259849548339844,0.01415860652923584,0.007244440261274576,0.3421688675880432,18
redundant_lowrank,RedundantInputControlTask,TwoRegionLowRankCommRNN,15,3,29,0.8742164373397827,0.3367311954498291,15.725988388061523,0.05738484859466553,0.0284410547465086,1.3473384380340576,0.014911115169525146,0.005346926394850016,0.25197792053222656,21
redundant_lowrank,RedundantInputControlTask,TwoRegionLowRankCommRNN,15,3,30,0.5770378112792969,0.21591784060001373,10.075538635253906,0.03748750686645508,0.01857597380876541,0.8794881105422974,0.01136276125907898,0.004599571693688631,0.21901734173297882,23
redundant_lowrank,RedundantInputControlTask,TwoRegionLowRankCommRNN,15,3,31,1.0184574127197266,0.406034380197525,18.980426788330078,0.06791633367538452,0.03372206911444664,1.5986251831054688,0.02430957555770874,0.007142295595258474,0.3306753933429718,20
redundant_lowrank,RedundantInputControlTask,TwoRegionLowRankCommRNN,15,4,0,0.6211371421813965,0.23498332500457764,10.96863079071045,0.04056072235107422,0.020054560154676437,0.949891209602356,0.01217527687549591,0.00473698740825057,0.2261018007993698,23
redundant_lowrank,RedundantInputControlTask,TwoRegionLowRankCommRNN,15,4,1,0.8491712808609009,0.3317330777645111,15.498600959777832,0.055529773235321045,0.027821466326713562,1.3183064460754395,0.01479792594909668,0.005275326315313578,0.2493494153022766,21
redundant_lowrank,RedundantInputControlTask,TwoRegionLowRankCommRNN,15,4,2,1.023019790649414,0.3949141502380371,18.444368362426758,0.064625084400177,0.033874284476041794,1.6010868549346924,0.015425175428390503,0.007958578877151012,0.37435096502304077,19
redundant_lowrank,RedundantInputControlTask,TwoRegionLowRankCommRNN,15,4,3,0.204769104719162,0.06846632808446884,3.1839993000030518,0.014317706227302551,0.0065230210311710835,0.3089076280593872,0.005072802305221558,0.0019841811154037714,0.09326900541782379,34
redundant_lowrank,RedundantInputControlTask,TwoRegionLowRankCommRNN,15,4,4,0.544978141784668,0.1956988424062729,9.12105655670166,0.0356922447681427,0.017245858907699585,0.8160226345062256,0.010844826698303223,0.0043579633347690105,0.20702390372753143,25
redundant_lowrank,RedundantInputControlTask,TwoRegionLowRankCommRNN,15,4,5,1.1576104164123535,0.4762639105319977,22.282114028930664,0.07376241683959961,0.039579469710588455,1.873397707939148,0.014423370361328125,0.006855316925793886,0.324148565530777,18
redundant_lowrank,RedundantInputControlTask,TwoRegionLowRankCommRNN,15,4,6,0.9729657173156738,0.3838822841644287,17.939865112304688,0.060981571674346924,0.03250600025057793,1.5370240211486816,0.01557934284210205,0.008024872280657291,0.37740421295166016,19
redundant_lowrank,RedundantInputControlTask,TwoRegionLowRankCommRNN,15,4,7,1.0433571338653564,0.4221857488155365,19.743427276611328,0.06969797611236572,0.03478487208485603,1.6494956016540527,0.027938783168792725,0.007714023347944021,0.35630372166633606,19
redundant_lowrank,RedundantInputControlTask,TwoRegionLowRankCommRNN,15,4,8,0.7916887998580933,0.2989021837711334,13.951460838317871,0.0518338680267334,0.02553047426044941,1.2089923620224,0.013989806175231934,0.004907725378870964,0.23364397883415222,22
redundant_lowrank,RedundantInputControlTask,TwoRegionLowRankCommRNN,15,4,9,1.220584750175476,0.4996074438095093,23.371042251586914,0.07855772972106934,0.04169769957661629,1.9736385345458984,0.014489352703094482,0.006006921175867319,0.285173624753952,18
redundant_lowrank,RedundantInputControlTask,TwoRegionLowRankCommRNN,15,4,10,0.8705270886421204,0.33290085196495056,15.543977737426758,0.05727827548980713,0.02823876589536667,1.3375885486602783,0.014824926853179932,0.005293759051710367,0.2495993971824646,21
redundant_lowrank,RedundantInputControlTask,TwoRegionLowRankCommRNN,15,4,11,0.7998270392417908,0.2969419062137604,13.853300094604492,0.052741408348083496,0.025599023327231407,1.2119755744934082,0.014049738645553589,0.004853174556046724,0.23089192807674408,22
redundant_lowrank,RedundantInputControlTask,TwoRegionLowRankCommRNN,15,4,12,0.8026479482650757,0.3261532485485077,15.254165649414062,0.05176824331283569,0.026772500947117805,1.2692204713821411,0.014464259147644043,0.005254155024886131,0.24954575300216675,20
redundant_lowrank,RedundantInputControlTask,TwoRegionLowRankCommRNN,15,4,13,0.6141708493232727,0.2288888692855835,10.67957878112793,0.039990782737731934,0.019703658297657967,0.9329620599746704,0.011962532997131348,0.0046804663725197315,0.22324809432029724,24
redundant_lowrank,RedundantInputControlTask,TwoRegionLowRankCommRNN,15,4,14,1.0168406963348389,0.41005706787109375,19.174320220947266,0.06368744373321533,0.034348126500844955,1.6248619556427002,0.014742672443389893,0.00794007908552885,0.373830109834671,19
redundant_lowrank,RedundantInputControlTask,TwoRegionLowRankCommRNN,15,4,15,1.1574171781539917,0.46794772148132324,21.882781982421875,0.07431256771087646,0.03923237696290016,1.8565990924835205,0.014441728591918945,0.006916751619428396,0.32688775658607483,19
redundant_lowrank,RedundantInputControlTask,TwoRegionLowRankCommRNN,15,4,16,0.7433048486709595,0.29369112849235535,13.725523948669434,0.04521685838699341,0.02475319802761078,1.170041799545288,0.015548080205917358,0.007336625829339027,0.3446253538131714,21
redundant_lowrank,RedundantInputControlTask,TwoRegionLowRankCommRNN,15,4,17,0.4392645061016083,0.16597600281238556,7.747214317321777,0.026262104511260986,0.014274251647293568,0.6737139821052551,0.01053096354007721,0.0046383775770664215,0.21761074662208557,25
redundant_lowrank,RedundantInputControlTask,TwoRegionLowRankCommRNN,15,4,18,1.0240544080734253,0.40927934646606445,19.133380889892578,0.06401050090789795,0.0344737209379673,1.6303129196166992,0.01480478048324585,0.007958567701280117,0.3746938109397888,19
redundant_lowrank,RedundantInputControlTask,TwoRegionLowRankCommRNN,15,4,19,1.2508647441864014,0.5207446813583374,24.371103286743164,0.08075833320617676,0.04308748245239258,2.0401649475097656,0.014587640762329102,0.005239636171609163,0.24969691038131714,18
redundant_lowrank,RedundantInputControlTask,TwoRegionLowRankCommRNN,15,4,20,0.5941857099533081,0.22541344165802002,10.522753715515137,0.038185060024261475,0.019242098554968834,0.9110845327377319,0.01153254508972168,0.004705373197793961,0.22430036962032318,23
redundant_lowrank,RedundantInputControlTask,TwoRegionLowRankCommRNN,15,4,21,0.2824915647506714,0.10542220622301102,4.919273376464844,0.018890738487243652,0.009192888624966145,0.435761034488678,0.006676018238067627,0.002818940905854106,0.13310781121253967,29
redundant_lowrank,RedundantInputControlTask,TwoRegionLowRankCommRNN,15,4,22,0.9017360806465149,0.33836349844932556,15.790575981140137,0.05979090929031372,0.028997456654906273,1.3732166290283203,0.015053540468215942,0.005395710933953524,0.25341928005218506,21
redundant_lowrank,RedundantInputControlTask,TwoRegionLowRankCommRNN,15,4,23,0.5787714719772339,0.22259603440761566,10.395222663879395,0.03782808780670166,0.018835891038179398,0.8925303220748901,0.011742353439331055,0.004687595646828413,0.2233489453792572,24
redundant_lowrank,RedundantInputControlTask,TwoRegionLowRankCommRNN,15,4,24,0.34263160824775696,0.1324639767408371,6.186955451965332,0.020106106996536255,0.011254429817199707,0.5311541557312012,0.008163481950759888,0.0036999385338276625,0.1737450361251831,26
redundant_lowrank,RedundantInputControlTask,TwoRegionLowRankCommRNN,15,4,25,0.8338991403579712,0.33425936102867126,15.627554893493652,0.054352641105651855,0.027627093717455864,1.3096537590026855,0.014847099781036377,0.005304906517267227,0.2511065602302551,21
redundant_lowrank,RedundantInputControlTask,TwoRegionLowRankCommRNN,15,4,26,0.478493332862854,0.18251562118530273,8.521503448486328,0.028655588626861572,0.015626249834895134,0.7376971244812012,0.011360645294189453,0.0050522079691290855,0.23707622289657593,24
redundant_lowrank,RedundantInputControlTask,TwoRegionLowRankCommRNN,15,4,27,0.7797048091888428,0.30412131547927856,14.207969665527344,0.05068117380142212,0.025534726679325104,1.2098488807678223,0.014014124870300293,0.00500550726428628,0.23848196864128113,21
redundant_lowrank,RedundantInputControlTask,TwoRegionLowRankCommRNN,15,4,28,0.5012931823730469,0.19297927618026733,9.012358665466309,0.03226473927497864,0.016371626406908035,0.775509238243103,0.01034960150718689,0.0043872203677892685,0.20841577649116516,24
redundant_lowrank,RedundantInputControlTask,TwoRegionLowRankCommRNN,15,4,29,0.6331416368484497,0.23036563396453857,10.740979194641113,0.04158139228820801,0.02008041739463806,0.9505030512809753,0.01219002902507782,0.004638064652681351,0.22133620083332062,24
redundant_lowrank,RedundantInputControlTask,TwoRegionLowRankCommRNN,15,4,30,0.5566408634185791,0.21347923576831818,9.968684196472168,0.0357590913772583,0.01813161000609398,0.8588042259216309,0.011144444346427917,0.004620058462023735,0.21990938484668732,23
redundant_lowrank,RedundantInputControlTask,TwoRegionLowRankCommRNN,15,4,31,0.43641430139541626,0.16257548332214355,7.585415840148926,0.02621978521347046,0.014085712842643261,0.6646965742111206,0.01053626835346222,0.004568738397210836,0.21425014734268188,25
redundant_lowrank,RedundantInputControlTask,TwoRegionLowRankCommRNN,15,5,0,1.2191030979156494,0.4969329535961151,23.243370056152344,0.07872140407562256,0.041557677090168,1.9669511318206787,0.014419764280319214,0.006048844661563635,0.28708094358444214,18
redundant_lowrank,RedundantInputControlTask,TwoRegionLowRankCommRNN,15,5,1,0.9900979399681091,0.38988184928894043,18.21927833557129,0.061860620975494385,0.03307128697633743,1.5635459423065186,0.015420615673065186,0.0080232173204422,0.3774040937423706,19
redundant_lowrank,RedundantInputControlTask,TwoRegionLowRankCommRNN,15,5,2,1.230102777481079,0.5147407054901123,24.09334945678711,0.07901740074157715,0.0424618124961853,2.0105977058410645,0.014542102813720703,0.005612576846033335,0.2668682336807251,18
redundant_lowrank,RedundantInputControlTask,TwoRegionLowRankCommRNN,15,5,3,0.8517472743988037,0.33544692397117615,15.675581932067871,0.05573248863220215,0.02799045480787754,1.3265106678009033,0.01490059494972229,0.005319017451256514,0.2512984275817871,21
redundant_lowrank,RedundantInputControlTask,TwoRegionLowRankCommRNN,15,5,4,1.0547105073928833,0.41514110565185547,19.399417877197266,0.07064372301101685,0.03473727032542229,1.6463955640792847,0.028958439826965332,0.007683519273996353,0.3543297052383423,20
redundant_lowrank,RedundantInputControlTask,TwoRegionLowRankCommRNN,15,5,5,0.4306257963180542,0.15871043503284454,7.4027886390686035,0.026013344526290894,0.01383461058139801,0.6526607275009155,0.010427668690681458,0.004474911838769913,0.20977354049682617,25
redundant_lowrank,RedundantInputControlTask,TwoRegionLowRankCommRNN,15,5,6,1.1127049922943115,0.4601867198944092,21.533430099487305,0.074698805809021,0.037491414695978165,1.7786738872528076,0.03946864604949951,0.009520884603261948,0.43726813793182373,19
redundant_lowrank,RedundantInputControlTask,TwoRegionLowRankCommRNN,15,5,7,1.0633132457733154,0.4271862506866455,19.973283767700195,0.06714129447937012,0.03587820753455162,1.6973156929016113,0.014272809028625488,0.007742380257695913,0.3647851049900055,19
redundant_lowrank,RedundantInputControlTask,TwoRegionLowRankCommRNN,15,5,8,0.7762929201126099,0.3000659644603729,14.015022277832031,0.047615230083465576,0.025614848360419273,1.2101575136184692,0.015991270542144775,0.007452443242073059,0.3498632609844208,20
redundant_lowrank,RedundantInputControlTask,TwoRegionLowRankCommRNN,15,5,9,1.0889676809310913,0.43613073229789734,20.389793395996094,0.06880795955657959,0.03672280162572861,1.73710298538208,0.014138221740722656,0.007626026403158903,0.35951855778694153,19
redundant_lowrank,RedundantInputControlTask,TwoRegionLowRankCommRNN,15,5,10,0.34229421615600586,0.1370769590139389,6.409037113189697,0.0221707820892334,0.011450923047959805,0.5430214405059814,0.007775604724884033,0.0034631213638931513,0.16400252282619476,26
redundant_lowrank,RedundantInputControlTask,TwoRegionLowRankCommRNN,15,5,11,1.182096004486084,0.4697146415710449,21.95525360107422,0.07611238956451416,0.03978181630373001,1.8819706439971924,0.014363259077072144,0.006775781977921724,0.32052353024482727,19
redundant_lowrank,RedundantInputControlTask,TwoRegionLowRankCommRNN,15,5,12,0.8675100803375244,0.33557239174842834,15.673718452453613,0.056984901428222656,0.028289848938584328,1.3402433395385742,0.014867514371871948,0.00533354701474309,0.2515406012535095,21
redundant_lowrank,RedundantInputControlTask,TwoRegionLowRankCommRNN,15,5,13,0.7410492897033691,0.27754607796669006,12.95168685913086,0.045864641666412354,0.02408479154109955,1.1371920108795166,0.01598009467124939,0.007133280858397484,0.3345266282558441,21
redundant_lowrank,RedundantInputControlTask,TwoRegionLowRankCommRNN,15,5,14,0.40436244010925293,0.158217191696167,7.392244338989258,0.02387523651123047,0.01336545217782259,0.6310281157493591,0.009578198194503784,0.0043799178674817085,0.20571741461753845,24
redundant_lowrank,RedundantInputControlTask,TwoRegionLowRankCommRNN,15,5,15,0.2550455629825592,0.09196645021438599,4.286952495574951,0.01729544997215271,0.008205542340874672,0.3888218402862549,0.006114527583122253,0.0025235265493392944,0.1189870536327362,31
redundant_lowrank,RedundantInputControlTask,TwoRegionLowRankCommRNN,15,5,16,0.7325867414474487,0.27684611082077026,12.922319412231445,0.04514360427856445,0.023887062445282936,1.1281999349594116,0.01584184169769287,0.007116207852959633,0.3338199257850647,21
redundant_lowrank,RedundantInputControlTask,TwoRegionLowRankCommRNN,15,5,17,0.7441670894622803,0.27060046792030334,12.616738319396973,0.04633200168609619,0.023845629766583443,1.1254005432128906,0.016319632530212402,0.0070480541326105595,0.33023571968078613,22
redundant_lowrank,RedundantInputControlTask,TwoRegionLowRankCommRNN,15,5,18,0.5895779132843018,0.21265943348407745,9.912863731384277,0.03860878944396973,0.01869477517902851,0.8848253488540649,0.011602088809013367,0.00453333230689168,0.2157878428697586,24
redundant_lowrank,RedundantInputControlTask,TwoRegionLowRankCommRNN,15,5,19,0.9939800500869751,0.4000994861125946,18.70778465270996,0.06577646732330322,0.033056195825338364,1.5671422481536865,0.021498799324035645,0.00685835862532258,0.31845179200172424,19
redundant_lowrank,RedundantInputControlTask,TwoRegionLowRankCommRNN,15,5,20,0.7031811475753784,0.27380210161209106,12.790909767150879,0.04273468255996704,0.02326304279267788,1.0990049839019775,0.01517835259437561,0.007024483289569616,0.32979536056518555,21
redundant_lowrank,RedundantInputControlTask,TwoRegionLowRankCommRNN,15,5,21,0.8460195064544678,0.32001975178718567,14.937939643859863,0.05588936805725098,0.027292592450976372,1.292668104171753,0.014647156000137329,0.0050864387303590775,0.24058371782302856,22
redundant_lowrank,RedundantInputControlTask,TwoRegionLowRankCommRNN,15,5,22,0.1995905041694641,0.08151175826787949,3.8138108253479004,0.013131588697433472,0.006810970604419708,0.32339978218078613,0.004878140985965729,0.00221210322342813,0.10459316521883011,31
redundant_lowrank,RedundantInputControlTask,TwoRegionLowRankCommRNN,15,5,23,0.5556784272193909,0.20345808565616608,9.488152503967285,0.036346882581710815,0.017712239176034927,0.8384119272232056,0.011101633310317993,0.00445784255862236,0.21195854246616364,24
redundant_lowrank,RedundantInputControlTask,TwoRegionLowRankCommRNN,15,5,24,0.8212622404098511,0.3344695270061493,15.644116401672363,0.05308258533477783,0.02741958759725094,1.300004482269287,0.014689773321151733,0.005332980304956436,0.2527565360069275,20
redundant_lowrank,RedundantInputControlTask,TwoRegionLowRankCommRNN,15,5,25,0.42183738946914673,0.1703900247812271,7.967803955078125,0.024577558040618896,0.014151017181575298,0.6685748100280762,0.009902551770210266,0.004664633423089981,0.21930857002735138,23
redundant_lowrank,RedundantInputControlTask,TwoRegionLowRankCommRNN,15,5,26,1.0344736576080322,0.4158225357532501,19.44224739074707,0.06453514099121094,0.034954868257045746,1.6530165672302246,0.014587491750717163,0.0079581830650568,0.37482836842536926,18
redundant_lowrank,RedundantInputControlTask,TwoRegionLowRankCommRNN,15,5,27,0.41485530138015747,0.14272482693195343,6.6433634757995605,0.025671839714050293,0.012914526276290417,0.6086008548736572,0.010348707437515259,0.004126001615077257,0.19298875331878662,27
redundant_lowrank,RedundantInputControlTask,TwoRegionLowRankCommRNN,15,5,28,1.070131778717041,0.42593300342559814,19.909719467163086,0.07220649719238281,0.035425782203674316,1.6795481443405151,0.031542420387268066,0.008077267557382584,0.37193763256073,20
redundant_lowrank,RedundantInputControlTask,TwoRegionLowRankCommRNN,15,5,29,0.9075336456298828,0.36219915747642517,16.931791305541992,0.05585741996765137,0.03045857883989811,1.440157413482666,0.01580679416656494,0.00801794696599245,0.3769838809967041,19
redundant_lowrank,RedundantInputControlTask,TwoRegionLowRankCommRNN,15,5,30,0.6975709199905396,0.2567884922027588,11.977060317993164,0.043312251567840576,0.022440215572714806,1.0595717430114746,0.015685081481933594,0.006792163010686636,0.31835201382637024,22
redundant_lowrank,RedundantInputControlTask,TwoRegionLowRankCommRNN,15,5,31,0.5089341402053833,0.17538349330425262,8.1639404296875,0.03372719883918762,0.01582307554781437,0.7483619451522827,0.010368794202804565,0.0040778047405183315,0.19324654340744019,26
redundant_lowrank,RedundantInputControlTask,TwoRegionLowRankCommRNN,15,6,0,1.1550573110580444,0.48031875491142273,22.47820281982422,0.07323610782623291,0.03969888761639595,1.8792738914489746,0.014359593391418457,0.006846144795417786,0.3237743675708771,18
redundant_lowrank,RedundantInputControlTask,TwoRegionLowRankCommRNN,15,6,1,1.2085875272750854,0.49333181977272034,23.075639724731445,0.07767903804779053,0.041239384561777115,1.9517476558685303,0.014370471239089966,0.0062527344562113285,0.2965431213378906,18
redundant_lowrank,RedundantInputControlTask,TwoRegionLowRankCommRNN,15,6,2,0.980556845664978,0.3867846727371216,18.07538604736328,0.06118708848953247,0.03278691694140434,1.5500242710113525,0.015502095222473145,0.008046901784837246,0.3785002827644348,19
redundant_lowrank,RedundantInputControlTask,TwoRegionLowRankCommRNN,15,6,3,0.14788421988487244,0.040616631507873535,1.875656247138977,0.011581465601921082,0.004727160092443228,0.22309987246990204,0.003976553678512573,0.0013326089829206467,0.0621090903878212,43
redundant_lowrank,RedundantInputControlTask,TwoRegionLowRankCommRNN,15,6,4,1.236631155014038,0.5204457640647888,24.363906860351562,0.07917642593383789,0.0428362675011158,2.028353452682495,0.014500468969345093,0.005492138210684061,0.2614102363586426,18
redundant_lowrank,RedundantInputControlTask,TwoRegionLowRankCommRNN,15,6,5,1.057936191558838,0.4206071197986603,19.660173416137695,0.07110702991485596,0.03500313684344292,1.6593965291976929,0.029680252075195312,0.00783219002187252,0.3611049950122833,20
redundant_lowrank,RedundantInputControlTask,TwoRegionLowRankCommRNN,15,6,6,1.0458390712738037,0.416768342256546,19.481958389282227,0.06990361213684082,0.03465161845088005,1.6425912380218506,0.02801191806793213,0.0076463245786726475,0.3530176281929016,19
redundant_lowrank,RedundantInputControlTask,TwoRegionLowRankCommRNN,15,6,7,0.606825590133667,0.22643931210041046,10.565673828125,0.039443135261535645,0.019516034051775932,0.9240725040435791,0.011839643120765686,0.004677845165133476,0.22304090857505798,24
redundant_lowrank,RedundantInputControlTask,TwoRegionLowRankCommRNN,15,6,8,0.8488965034484863,0.3396645784378052,15.879467010498047,0.05546677112579346,0.02810504101216793,1.3322888612747192,0.014973610639572144,0.005374332424253225,0.25394129753112793,21
redundant_lowrank,RedundantInputControlTask,TwoRegionLowRankCommRNN,15,6,9,0.24887993931770325,0.09704983979463577,4.535236835479736,0.01684156060218811,0.008217324502766132,0.39011162519454956,0.006130874156951904,0.002613817108795047,0.12353814393281937,29
redundant_lowrank,RedundantInputControlTask,TwoRegionLowRankCommRNN,15,6,10,1.2748744487762451,0.5178562998771667,24.219736099243164,0.08330345153808594,0.04346965625882149,2.0574450492858887,0.014395028352737427,0.0050787124782800674,0.24265864491462708,18
redundant_lowrank,RedundantInputControlTask,TwoRegionLowRankCommRNN,15,6,11,0.39594560861587524,0.15740467607975006,7.357451438903809,0.023261070251464844,0.01316097378730774,0.6218310594558716,0.00946517288684845,0.004362095613032579,0.20501971244812012,25
redundant_lowrank,RedundantInputControlTask,TwoRegionLowRankCommRNN,15,6,12,0.3181241452693939,0.12301996350288391,5.746362686157227,0.021095991134643555,0.01046981941908598,0.49646830558776855,0.007397487759590149,0.0031871695537120104,0.15073800086975098,28
redundant_lowrank,RedundantInputControlTask,TwoRegionLowRankCommRNN,15,6,13,1.0874035358428955,0.4420754909515381,20.676315307617188,0.07314932346343994,0.03634066507220268,1.7235567569732666,0.03471451997756958,0.008696870878338814,0.40009254217147827,19
redundant_lowrank,RedundantInputControlTask,TwoRegionLowRankCommRNN,15,6,14,0.36274823546409607,0.1491066962480545,6.976702690124512,0.023216962814331055,0.012244872748851776,0.5809202790260315,0.008231952786445618,0.003702704794704914,0.1755353808403015,25
redundant_lowrank,RedundantInputControlTask,TwoRegionLowRankCommRNN,15,6,15,0.6061880588531494,0.23657752573490143,11.052627563476562,0.03893113136291504,0.019894039258360863,0.9424266219139099,0.011835277080535889,0.004819823428988457,0.23004263639450073,22
redundant_lowrank,RedundantInputControlTask,TwoRegionLowRankCommRNN,15,6,16,0.2573995292186737,0.09356451034545898,4.362397193908691,0.017058759927749634,0.008298368193209171,0.39288535714149475,0.005944758653640747,0.002532358281314373,0.11942194402217865,31
redundant_lowrank,RedundantInputControlTask,TwoRegionLowRankCommRNN,15,6,17,0.2707347571849823,0.09524917602539062,4.436593055725098,0.018190383911132812,0.008621902205049992,0.40819787979125977,0.006330698728561401,0.0025987501721829176,0.12247369438409805,31
redundant_lowrank,RedundantInputControlTask,TwoRegionLowRankCommRNN,15,6,18,0.35381215810775757,0.12435215711593628,5.791996955871582,0.02351662516593933,0.011137575842440128,0.5270733833312988,0.00788123905658722,0.0032251980155706406,0.15224170684814453,29
redundant_lowrank,RedundantInputControlTask,TwoRegionLowRankCommRNN,15,6,19,0.21257415413856506,0.08905073255300522,4.171753406524658,0.01532098650932312,0.007213556673377752,0.34317195415496826,0.00545927882194519,0.002403210150077939,0.11380240321159363,29
redundant_lowrank,RedundantInputControlTask,TwoRegionLowRankCommRNN,15,6,20,1.0202584266662598,0.4007532596588135,18.726030349731445,0.06418871879577637,0.034054774791002274,1.610111951828003,0.015166282653808594,0.007965262047946453,0.37481459975242615,19
redundant_lowrank,RedundantInputControlTask,TwoRegionLowRankCommRNN,15,6,21,1.0109922885894775,0.4051710367202759,18.94271469116211,0.06309187412261963,0.03406347706913948,1.6110072135925293,0.014909058809280396,0.007986526936292648,0.3759538233280182,19
redundant_lowrank,RedundantInputControlTask,TwoRegionLowRankCommRNN,15,6,22,1.0047481060028076,0.4007359445095062,18.732952117919922,0.06287729740142822,0.03376099839806557,1.5966845750808716,0.015066146850585938,0.007986553013324738,0.37586042284965515,19
redundant_lowrank,RedundantInputControlTask,TwoRegionLowRankCommRNN,15,6,23,0.6310357451438904,0.23800267279148102,11.108610153198242,0.04123258590698242,0.020353469997644424,0.9639435410499573,0.012254968285560608,0.0047456067986786366,0.2266288697719574,23
redundant_lowrank,RedundantInputControlTask,TwoRegionLowRankCommRNN,15,6,24,0.43276289105415344,0.1667776107788086,7.788944721221924,0.025702208280563354,0.014183671213686466,0.6697915196418762,0.010366305708885193,0.004642627667635679,0.217963308095932,25
redundant_lowrank,RedundantInputControlTask,TwoRegionLowRankCommRNN,15,6,25,1.0181870460510254,0.4045165777206421,18.907705307006836,0.06386673450469971,0.03417423740029335,1.616029977798462,0.014984995126724243,0.007974040694534779,0.3753264248371124,19
redundant_lowrank,RedundantInputControlTask,TwoRegionLowRankCommRNN,15,6,26,0.8292145729064941,0.3190213441848755,14.898418426513672,0.05409502983093262,0.026979556307196617,1.2779293060302734,0.0143585205078125,0.0051241242326796055,0.24282537400722504,21
redundant_lowrank,RedundantInputControlTask,TwoRegionLowRankCommRNN,15,6,27,0.8732571005821228,0.35550427436828613,16.62801742553711,0.05715024471282959,0.029134569689631462,1.3815969228744507,0.015314757823944092,0.005604857113212347,0.2640188932418823,20
redundant_lowrank,RedundantInputControlTask,TwoRegionLowRankCommRNN,15,6,28,0.1552121639251709,0.05425351485610008,2.5266659259796143,0.010930106043815613,0.0051393634639680386,0.2437269389629364,0.003981895744800568,0.0016097734915092587,0.07571977376937866,38
redundant_lowrank,RedundantInputControlTask,TwoRegionLowRankCommRNN,15,6,29,0.8461207151412964,0.3360415995121002,15.706936836242676,0.05552011728286743,0.027923328801989555,1.3235809803009033,0.014965981245040894,0.0053183711133897305,0.2513968348503113,21
redundant_lowrank,RedundantInputControlTask,TwoRegionLowRankCommRNN,15,6,30,1.2130478620529175,0.5030906200408936,23.542190551757812,0.07761931419372559,0.04171319678425789,1.9746156930923462,0.014494359493255615,0.006073365453630686,0.28828099370002747,18
redundant_lowrank,RedundantInputControlTask,TwoRegionLowRankCommRNN,15,6,31,0.21298110485076904,0.07569824904203415,3.527066707611084,0.01461908221244812,0.006835376378148794,0.3238537907600403,0.005168884992599487,0.0021177621092647314,0.09975285828113556,33
redundant_lowrank,RedundantInputControlTask,TwoRegionLowRankCommRNN,15,7,0,1.2041215896606445,0.48620304465293884,22.735687255859375,0.07737672328948975,0.04085513576865196,1.9332656860351562,0.014481008052825928,0.0063776238821446896,0.302254319190979,18
redundant_lowrank,RedundantInputControlTask,TwoRegionLowRankCommRNN,15,7,1,0.5039092898368835,0.20469410717487335,9.57336139678955,0.029706239700317383,0.01694299466907978,0.8009878396987915,0.011740639805793762,0.005524324718862772,0.2597489655017853,22
redundant_lowrank,RedundantInputControlTask,TwoRegionLowRankCommRNN,15,7,2,0.8795080780982971,0.34686049818992615,16.209548950195312,0.057942330837249756,0.028936132788658142,1.3713994026184082,0.015178024768829346,0.0054982248693704605,0.2588551938533783,20
redundant_lowrank,RedundantInputControlTask,TwoRegionLowRankCommRNN,15,7,3,0.8253664374351501,0.32310110330581665,15.096169471740723,0.054011762142181396,0.02704731933772564,1.2816851139068604,0.014628291130065918,0.005155285354703665,0.24434420466423035,21
redundant_lowrank,RedundantInputControlTask,TwoRegionLowRankCommRNN,15,7,4,1.013221263885498,0.40053510665893555,18.71907615661621,0.06779497861862183,0.03340677171945572,1.5835130214691162,0.02346867322921753,0.006979171186685562,0.3232658803462982,20
redundant_lowrank,RedundantInputControlTask,TwoRegionLowRankCommRNN,15,7,5,0.5071885585784912,0.19321642816066742,9.020794868469238,0.032970428466796875,0.016472339630126953,0.7803616523742676,0.010575219988822937,0.004390381742268801,0.20854851603507996,24
redundant_lowrank,RedundantInputControlTask,TwoRegionLowRankCommRNN,15,7,6,1.2159841060638428,0.49619755148887634,23.209598541259766,0.07842767238616943,0.04148055613040924,1.9632666110992432,0.014398455619812012,0.00611293176189065,0.2900669574737549,18
redundant_lowrank,RedundantInputControlTask,TwoRegionLowRankCommRNN,15,7,7,0.5977984666824341,0.24227364361286163,11.330816268920898,0.03848826885223389,0.019906848669052124,0.943958580493927,0.012149542570114136,0.0049153538420796394,0.23467114567756653,22
redundant_lowrank,RedundantInputControlTask,TwoRegionLowRankCommRNN,15,7,8,0.43416547775268555,0.1751323938369751,8.189270973205566,0.02525275945663452,0.014545757323503494,0.6872961521148682,0.010210797190666199,0.00479608541354537,0.2254837453365326,23
redundant_lowrank,RedundantInputControlTask,TwoRegionLowRankCommRNN,15,7,9,0.30362656712532043,0.12483600527048111,5.841304302215576,0.019544512033462524,0.010292553342878819,0.48838841915130615,0.007061019539833069,0.003207070752978325,0.15188002586364746,26
redundant_lowrank,RedundantInputControlTask,TwoRegionLowRankCommRNN,15,7,10,0.789222240447998,0.29923269152641296,13.968558311462402,0.05157327651977539,0.02550310455262661,1.207749366760254,0.013961732387542725,0.0049210540018975735,0.2343256175518036,22
redundant_lowrank,RedundantInputControlTask,TwoRegionLowRankCommRNN,15,7,11,0.7010430097579956,0.26331818103790283,12.288750648498535,0.04318130016326904,0.022800413891673088,1.076538324356079,0.015474170446395874,0.006878875195980072,0.32260140776634216,21
redundant_lowrank,RedundantInputControlTask,TwoRegionLowRankCommRNN,15,7,12,0.6454819440841675,0.24707747995853424,11.536977767944336,0.04199028015136719,0.020952051505446434,0.9925138354301453,0.012485116720199585,0.004820310045033693,0.23045392334461212,23
redundant_lowrank,RedundantInputControlTask,TwoRegionLowRankCommRNN,15,7,13,0.9244359731674194,0.36215710639953613,16.92132568359375,0.057517409324645996,0.030761724337935448,1.4541536569595337,0.01602312922477722,0.008006767369806767,0.3763132691383362,19
redundant_lowrank,RedundantInputControlTask,TwoRegionLowRankCommRNN,15,7,14,1.0709762573242188,0.4221736192703247,19.728845596313477,0.07231378555297852,0.03529595956206322,1.673100471496582,0.031427979469299316,0.008005653508007526,0.3685573935508728,20
redundant_lowrank,RedundantInputControlTask,TwoRegionLowRankCommRNN,15,7,15,0.3236355781555176,0.13649830222129822,6.390101432800293,0.018365174531936646,0.01107604056596756,0.5236037969589233,0.007619492709636688,0.0037288693711161613,0.17560330033302307,25
redundant_lowrank,RedundantInputControlTask,TwoRegionLowRankCommRNN,15,7,16,0.6830607652664185,0.27394020557403564,12.807600021362305,0.041146278381347656,0.022876182571053505,1.08158278465271,0.014790922403335571,0.0069973464123904705,0.32882338762283325,21
redundant_lowrank,RedundantInputControlTask,TwoRegionLowRankCommRNN,15,7,17,0.4169467091560364,0.1586616337299347,7.407284736633301,0.02480107545852661,0.013586316257715225,0.6413495540618896,0.010017931461334229,0.004440378863364458,0.20838651061058044,25
redundant_lowrank,RedundantInputControlTask,TwoRegionLowRankCommRNN,15,7,18,0.43610313534736633,0.1516808122396469,7.062626838684082,0.026919454336166382,0.013646666891872883,0.6431764364242554,0.010801687836647034,0.004357909318059683,0.20389613509178162,26
redundant_lowrank,RedundantInputControlTask,TwoRegionLowRankCommRNN,15,7,19,1.0402084589004517,0.41431447863578796,19.366989135742188,0.06933730840682983,0.03444049879908562,1.6326115131378174,0.027172505855560303,0.007521527353674173,0.34744706749916077,20
redundant_lowrank,RedundantInputControlTask,TwoRegionLowRankCommRNN,15,7,20,0.3439062833786011,0.1417037397623062,6.630927085876465,0.02215716242790222,0.011617667973041534,0.5512425303459167,0.007883459329605103,0.003549906425178051,0.16824796795845032,25
redundant_lowrank,RedundantInputControlTask,TwoRegionLowRankCommRNN,15,7,21,1.0553100109100342,0.42910292744636536,20.069625854492188,0.07046926021575928,0.035250935703516006,1.6717753410339355,0.02970874309539795,0.007972895167768002,0.3678446114063263,19
redundant_lowrank,RedundantInputControlTask,TwoRegionLowRankCommRNN,15,7,22,0.3863818645477295,0.1443234235048294,6.734333038330078,0.02307310700416565,0.012487641535699368,0.5891100168228149,0.009315460920333862,0.0040667373687028885,0.19073906540870667,26
redundant_lowrank,RedundantInputControlTask,TwoRegionLowRankCommRNN,15,7,23,0.9799485206604004,0.3809323310852051,17.794776916503906,0.06151223182678223,0.032516803592443466,1.5370962619781494,0.015772104263305664,0.008010417222976685,0.376613974571228,19
redundant_lowrank,RedundantInputControlTask,TwoRegionLowRankCommRNN,15,7,24,0.33824771642684937,0.14267076551914215,6.679073333740234,0.019095003604888916,0.011588250286877155,0.5476505756378174,0.007858224213123322,0.0038814879953861237,0.18276585638523102,24
redundant_lowrank,RedundantInputControlTask,TwoRegionLowRankCommRNN,15,7,25,0.5559379458427429,0.20098775625228882,9.369443893432617,0.03409302234649658,0.01770017109811306,0.8352582454681396,0.013338923454284668,0.0056038498878479,0.2625081241130829,24
redundant_lowrank,RedundantInputControlTask,TwoRegionLowRankCommRNN,15,7,26,1.0637885332107544,0.43293774127960205,20.249353408813477,0.07107365131378174,0.03558158129453659,1.6873786449432373,0.031067073345184326,0.008182519115507603,0.3772273659706116,19
redundant_lowrank,RedundantInputControlTask,TwoRegionLowRankCommRNN,15,7,27,0.9013394713401794,0.34773311018943787,16.240520477294922,0.05954909324645996,0.029353519901633263,1.3906934261322021,0.015209406614303589,0.005543410778045654,0.2603186368942261,21
redundant_lowrank,RedundantInputControlTask,TwoRegionLowRankCommRNN,15,7,28,1.0767959356307983,0.4307846128940582,20.139266967773438,0.0721132755279541,0.03574246168136597,1.6945033073425293,0.03267860412597656,0.008279307745397091,0.3810674548149109,19
redundant_lowrank,RedundantInputControlTask,TwoRegionLowRankCommRNN,15,7,29,0.7639992237091064,0.3064464032649994,14.327427864074707,0.046318113803863525,0.02564506232738495,1.2124215364456177,0.015545785427093506,0.007505606859922409,0.352729856967926,20
redundant_lowrank,RedundantInputControlTask,TwoRegionLowRankCommRNN,15,7,30,0.3050246238708496,0.10093062371015549,4.692156791687012,0.020516425371170044,0.009490286000072956,0.44868195056915283,0.006920456886291504,0.002750710817053914,0.1294807493686676,31
redundant_lowrank,RedundantInputControlTask,TwoRegionLowRankCommRNN,15,7,31,0.8061480522155762,0.3043076694011688,14.203694343566895,0.05261749029159546,0.0260061863809824,1.2313766479492188,0.01401907205581665,0.004959512036293745,0.23572851717472076,21
